{"loss": [2.533747673034668, 2.2738630771636963, 2.128448247909546, 1.763539433479309, 1.8185770511627197, 1.6494245529174805, 1.6126004457473755, 1.5586804151535034, 1.306138515472412, 1.3127241134643555, 1.1684211492538452, 1.19200599193573, 1.153833031654358, 1.0617917776107788, 1.0012726783752441, 1.0292019844055176, 0.9545639157295227, 0.8874198198318481, 0.8727827668190002, 0.7787262201309204, 0.7291774749755859, 0.7005118727684021, 0.7521094679832458, 0.6671121120452881, 0.6247084736824036], "val_loss": [0.26031577587127686, 0.2315940111875534, 0.1530846655368805, 0.12088114023208618, 0.05381293222308159, 0.019062308594584465, 0.02183477208018303, 0.021916236728429794, 0.023347919806838036, 0.019305141642689705, 0.04283053055405617, 0.053377751260995865, 0.025850459933280945, 0.021391553804278374, 0.0162324458360672, 0.02170546166598797, 0.03259492665529251, 0.03214065730571747, 0.04278480261564255, 0.04720405861735344, 0.057240333408117294, 0.048905517905950546, 0.20422382652759552, 0.15473255515098572, 0.13529373705387115]}